# SOURMASH-MANIFEST-VERSION: 1.0
internal_location,md5,md5short,ksize,moltype,num,scaled,n_hashes,with_abundance,name,filename
signatures/38696f9ad54fc89c705c23d2155e690e.sig.gz,38696f9ad54fc89c705c23d2155e690e,38696f9a,31,DNA,0,1000,3431,0,"GCA_000519065.1 Shewanella putrefaciens HRCR-6 strain=HRCR-6, ASM51906v1",/dev/fd/63
signatures/8053bc0b4799514850ee738385e54667.sig.gz,8053bc0b4799514850ee738385e54667,8053bc0b,31,DNA,0,1000,4700,0,"GCA_002783505.1 Shewanella sp. CG12_big_fil_rev_8_21_14_0_65_47_15, ASM278350v1",/dev/fd/63
signatures/77ee8d793cff1150d76f65781eadb81a.sig.gz,77ee8d793cff1150d76f65781eadb81a,77ee8d79,31,DNA,0,1000,4806,0,"GCF_000146165.2 Shewanella oneidensis MR-1 strain=MR-1, ASM14616v2",/dev/fd/63
signatures/eca844795346880d005bc26c2fd6effe.sig.gz,eca844795346880d005bc26c2fd6effe,eca84479,31,DNA,0,1000,5199,0,"GCF_000147735.2 Shewanella baltica BA175 strain=BA175, ASM14773v3",/dev/fd/63
signatures/1cadf874b00bab1d9fcdc1678aceafbd.sig.gz,1cadf874b00bab1d9fcdc1678aceafbd,1cadf874,31,DNA,0,1000,5248,0,"GCF_000178875.2 Shewanella baltica OS678 strain=OS678, ASM17887v2",/dev/fd/63
signatures/b72e585e1cb5710ec28a2b2c1d0e9e77.sig.gz,b72e585e1cb5710ec28a2b2c1d0e9e77,b72e585e,31,DNA,0,1000,5051,0,"GCF_000179535.2 Shewanella baltica OS183 strain=OS183, ASM17953v2",/dev/fd/63
signatures/bddf8ec655235c1a6f3102c836881868.sig.gz,bddf8ec655235c1a6f3102c836881868,bddf8ec6,31,DNA,0,1000,5138,0,"GCF_000203935.1 Shewanella sp. ANA-3 strain=ANA-3, ASM20393v1",/dev/fd/63
signatures/0c537d39773e37c578a1e5dc9c411a0f.sig.gz,0c537d39773e37c578a1e5dc9c411a0f,0c537d39,31,DNA,0,1000,5279,0,"GCF_000215895.1 Shewanella baltica OS117 strain=OS117, ASM21589v1",/dev/fd/63
signatures/70f6231a0f71888289cb8c7187846c95.sig.gz,70f6231a0f71888289cb8c7187846c95,70f6231a,31,DNA,0,1000,4502,0,"GCF_000217915.1 Shewanella sp. HN-41 strain=HN-41, ASM21791v1",/dev/fd/63
signatures/ad5468c1b16d6319bb2335de145bac4b.sig.gz,ad5468c1b16d6319bb2335de145bac4b,ad5468c1,31,DNA,0,1000,5098,0,"GCF_000231345.1 Shewanella baltica OS625 strain=OS625, ASM23134v2",/dev/fd/63
signatures/56144b7b0453b29f15fc9096ef6a0768.sig.gz,56144b7b0453b29f15fc9096ef6a0768,56144b7b,31,DNA,0,1000,4801,0,"GCF_002838165.1 Shewanella sp. Pdp11 strain=Pdp11, ASM283816v1",/dev/fd/63
signatures/d30e42a598f8ee4daf1336508ef2f44e.sig.gz,d30e42a598f8ee4daf1336508ef2f44e,d30e42a5,31,DNA,0,1000,5085,0,"GCF_002966515.1 Shewanella sp. WE21 strain=WE21, ASM296651v1",/dev/fd/63
signatures/bd94a27aca24ef99466572752eec88db.sig.gz,bd94a27aca24ef99466572752eec88db,bd94a27a,31,DNA,0,1000,4277,0,"GCF_003028295.1 Shewanella morhuae strain=CW7, ASM302829v1",/dev/fd/63
signatures/745043aad178c89e81a8dbd801f3599a.sig.gz,745043aad178c89e81a8dbd801f3599a,745043aa,31,DNA,0,1000,4883,0,"GCF_015767295.1 Shewanella sp. DW31 strain=DW31, ASM1576729v2",/dev/fd/63
signatures/6e62527f90f2231e4e14d0b8dbbf43eb.sig.gz,6e62527f90f2231e4e14d0b8dbbf43eb,6e62527f,31,DNA,0,1000,4497,0,"GCF_016406305.1 Shewanella putrefaciens strain=CGMCC-1.6515, ASM1640630v1",/dev/fd/63
signatures/55d8318a13e58e096b4579111627e664.sig.gz,55d8318a13e58e096b4579111627e664,55d8318a,31,DNA,0,1000,4272,0,"GCF_016406325.1 Shewanella putrefaciens strain=ATCC 8071, ASM1640632v1",/dev/fd/63
signatures/69031b0c9432ff51600cecefbba39286.sig.gz,69031b0c9432ff51600cecefbba39286,69031b0c,31,DNA,0,1000,5152,0,"GCF_018224605.1 Shewanella sp. M16 strain=M16, ASM1822460v1",/dev/fd/63
signatures/ee7c1c755cacdcbab0be0c338689d14d.sig.gz,ee7c1c755cacdcbab0be0c338689d14d,ee7c1c75,31,DNA,0,1000,4897,0,"GCF_019266125.1 Shewanella xiamenensis strain=111D, ASM1926612v1",/dev/fd/63
signatures/086737c554bc7a87861ab28c725ce91b.sig.gz,086737c554bc7a87861ab28c725ce91b,086737c5,31,DNA,0,1000,4973,0,"GCF_019266205.1 Shewanella xiamenensis strain=111B, ASM1926620v1",/dev/fd/63
signatures/ccc4e2e6260a4a6827ef1083362f91c3.sig.gz,ccc4e2e6260a4a6827ef1083362f91c3,ccc4e2e6,31,DNA,0,1000,5022,0,"GCF_019973655.1 Shewanella xiamenensis strain=NUITM-VS1, ASM1997365v1",/dev/fd/63
signatures/34ea6a6680c419b2a5235ca36260fb07.sig.gz,34ea6a6680c419b2a5235ca36260fb07,34ea6a66,31,DNA,0,1000,5176,0,"GCF_020447145.1 Shewanella sp. SR1 strain=SR1, ASM2044714v1",/dev/fd/63
