intersect_bp,f_orig_query,f_match,f_unique_to_query,f_unique_weighted,average_abund,median_abund,std_abund,filename,name,md5,f_match_orig,unique_intersect_bp,gather_result_rank,remaining_bp,query_filename,query_name,query_md5,query_bp,ksize,moltype,scaled,query_n_hashes,query_abundance,query_containment_ani,match_containment_ani,average_containment_ani,max_containment_ani,potential_false_negative,n_unique_weighted_found,sum_weighted_found,total_weighted_hashes,lineage
9304000,0.021896143934669286,0.9752620545073375,0.021896143934669286,0.008374621538741904,6.717325881341359,6.0,5.883694395959746,/Users/t/dev/sourmash/podar-ref.zip,"NC_007951.1 Burkholderia xenovorans LB400 chromosome 1, complete sequence",ee9cb05018009af43429e83e7d502a0a,0.9752620545073375,9304000,0,415611000,outputs.paper/trim/SRR606249.trim.fq.gz,SRR606249,1b1b1d8e,424915000,31,DNA,1000,424915,True,0.8840228124268892,0.9991922918479889,0.941607552137439,0.9991922918479889,False,62498,62498,7462785,Bacteria;Proteobacteria;Betaproteobacteria;Burkholderiales;Burkholderiaceae;Paraburkholderia;Paraburkholderia xenovorans;Paraburkholderia xenovorans LB400
7288000,0.017151665627243094,0.9990404386566141,0.017151665627243094,0.02330055066573672,23.859357848518112,18.0,30.157865017598546,/Users/t/dev/sourmash/podar-ref.zip,"NC_003272.1 Nostoc sp. PCC 7120 DNA, complete genome",264cfdad44548ad96c4a24b6a514a877,0.9990404386566141,7288000,1,408323000,outputs.paper/trim/SRR606249.trim.fq.gz,SRR606249,1b1b1d8e,424915000,31,DNA,1000,424915,True,0.8770859189743443,0.9999690320273533,0.9385274755008488,0.9999690320273533,False,173887,236385,7462785,Bacteria;Cyanobacteria;;Nostocales;Nostocaceae;Nostoc;Nostoc sp. PCC 7120
7039000,0.01656566607439135,0.9998579545454546,0.01656566607439135,0.08909890878539312,94.46313396789317,92.0,28.313519293912293,/Users/t/dev/sourmash/podar-ref.zip,BX119912.1 Rhodopirellula baltica SH 1 complete genome,7141c3fbf206734950d13cadba0bf46c,0.9998579545454546,7039000,2,401284000,outputs.paper/trim/SRR606249.trim.fq.gz,SRR606249,1b1b1d8e,424915000,31,DNA,1000,424915,True,0.8761029161265562,0.9999954175735976,0.9380491668500769,0.9999954175735976,False,664926,901311,7462785,Bacteria;Planctomycetes;Planctomycetia;Planctomycetales;Planctomycetaceae;Rhodopirellula;Rhodopirellula baltica;Rhodopirellula baltica SH 1
6604000,0.015541931915794924,0.9996972449288526,0.015541931915794924,0.014390606187904382,16.261962447001817,16.0,6.783946259918571,/Users/t/dev/sourmash/podar-ref.zip,"NC_009972.1 Herpetosiphon aurantiacus DSM 785, complete genome",5165e0f27ae96c8a78da00c2d30a8e36,0.9996972449288526,6604000,3,394680000,outputs.paper/trim/SRR606249.trim.fq.gz,SRR606249,1b1b1d8e,424915000,31,DNA,1000,424915,True,0.8743019593871876,0.9999902322763911,0.9371460958317893,0.9999902322763911,False,107394,1008705,7462785,Bacteria;Chloroflexi;Chloroflexia;Herpetosiphonales;Herpetosiphonaceae;Herpetosiphon;Herpetosiphon aurantiacus;Herpetosiphon aurantiacus DSM 785
6259000,0.014730004824494311,0.9992017879948915,0.014730004824494311,0.014495392805768892,17.283272088193,16.0,8.723081375289487,/Users/t/dev/sourmash/podar-ref.zip,"AE015928.1 Bacteroides thetaiotaomicron VPI-5482, complete genome",56ceec3045e833db30db8ad16969ff16,0.9992017879948915,6259000,4,388421000,outputs.paper/trim/SRR606249.trim.fq.gz,SRR606249,1b1b1d8e,424915000,31,DNA,1000,424915,True,0.8727900179668666,0.9999742412754411,0.9363821296211539,0.9999742412754411,False,108176,1116881,7462785,Bacteria;Bacteroidetes;Bacteroidia;Bacteroidales;Bacteroidaceae;Bacteroides;Bacteroides thetaiotaomicron;Bacteroides thetaiotaomicron VPI-5482
5630000,0.013249708765282468,0.9920690870637998,0.013247355353423626,0.011429111250022612,15.152424942263279,13.0,9.822724453355129,/Users/t/dev/sourmash/podar-ref.zip,"CP000850.1 Salinispora arenicola CNS-205, complete genome",5519d11c0ae28e167759d1c2b2e1b353,0.9922453295734931,5629000,5,382792000,outputs.paper/trim/SRR606249.trim.fq.gz,SRR606249,1b1b1d8e,424915000,31,DNA,1000,424915,True,0.8698132333109971,0.9997489059089135,0.9347810696099553,0.9997489059089135,False,85293,1202174,7462785,Bacteria;Actinobacteria;Actinobacteria;Micromonosporales;Micromonosporaceae;Salinispora;Salinispora arenicola;Salinispora arenicola CNS-205
5422000,0.012760199098643258,0.9998156002212797,0.012760199098643258,0.010080419039272872,13.874585023976392,13.0,11.10576494842615,/Users/t/dev/sourmash/podar-ref.zip,"AE010299.1 Methanosarcina acetivorans str. C2A, complete genome",56bdd31d168788f6b31dcd0751089a62,0.9998156002212797,5422000,6,377370000,outputs.paper/trim/SRR606249.trim.fq.gz,SRR606249,1b1b1d8e,424915000,31,DNA,1000,424915,True,0.8687576211386532,0.9999940510892287,0.9343758361139409,0.9999940510892287,False,75228,1277402,7462785,Archaea;Euryarchaeota;Methanomicrobia;Methanosarcinales;Methanosarcinaceae;Methanosarcina;Methanosarcina acetivorans;Methanosarcina acetivorans C2A
5187000,0.012207147311815304,0.9902634593356243,0.012207147311815304,0.008142000607011993,11.714285714285714,9.0,15.065953401136202,/Users/t/dev/sourmash/podar-ref.zip,"NC_011663.1 Shewanella baltica OS223, complete genome",38729c6374925585db28916b82a6f513,0.9902634593356243,5187000,7,372183000,outputs.paper/trim/SRR606249.trim.fq.gz,SRR606249,1b1b1d8e,424915000,31,DNA,1000,424915,True,0.8675167660950394,0.9996844288122182,0.9336005974536288,0.9996844288122182,False,60762,1338164,7462785,Bacteria;Proteobacteria;Gammaproteobacteria;Alteromonadales;Shewanellaceae;Shewanella;Shewanella baltica;Shewanella baltica OS223
5146000,0.012110657425602767,0.9705438066465257,0.012096536954449713,0.00739348647991333,10.734630350194552,9.0,7.712691493724276,/Users/t/dev/sourmash/podar-ref.zip,"NZ_JGWU01000001.1 Bordetella bronchiseptica D989 ctg7180000008197, whole genome shotgun sequence",a86d20c0c746f8cd8628aaabf8e45221,0.9716767371601208,5140000,8,367043000,outputs.paper/trim/SRR606249.trim.fq.gz,SRR606249,1b1b1d8e,424915000,31,DNA,1000,424915,True,0.86729471634004,0.9990735872959405,0.9331841518179902,0.9990735872959405,False,55176,1393340,7462785,Bacteria;Proteobacteria;Betaproteobacteria;Burkholderiales;Alcaligenaceae;Bordetella;Bordetella bronchiseptica;Bordetella bronchiseptica D989
5050000,0.0118847298871539,0.9998019801980198,0.011882376475295059,0.01706681888865886,25.225985343632402,25.0,8.798138394025123,/Users/t/dev/sourmash/podar-ref.zip,"CP000909.1 Chloroflexus aurantiacus J-10-fl, complete genome",dfa50aeabf6119ce79f0df1cf8158008,1.0,5049000,9,361994000,outputs.paper/trim/SRR606249.trim.fq.gz,SRR606249,1b1b1d8e,424915000,31,DNA,1000,424915,True,0.8667680235907929,1.0,0.9333840117953964,1.0,False,127366,1520706,7462785,Bacteria;Chloroflexi;Chloroflexia;Chloroflexales;Chloroflexaceae;Chloroflexus;Chloroflexus aurantiacus;Chloroflexus aurantiacus J-10-fl
5000000,0.011767059294211783,0.991,0.011661155760563877,0.009169231057842347,13.809889001009081,13.0,8.302151198241106,/Users/t/dev/sourmash/podar-ref.zip,"CP000139.1 Bacteroides vulgatus ATCC 8482, complete genome",960cc77fc7b96d595712107aaa1524b5,1.0,4955000,10,357039000,outputs.paper/trim/SRR606249.trim.fq.gz,SRR606249,1b1b1d8e,424915000,31,DNA,1000,424915,True,0.8664898544102784,1.0,0.9332449272051392,1.0,False,68428,1589134,7462785,Bacteria;Bacteroidetes;Bacteroidia;Bacteroidales;Bacteroidaceae;Bacteroides;Bacteroides vulgatus;Bacteroides vulgatus ATCC 8482
5063000,0.011915324241318852,0.9406115248921991,0.011294023510584469,0.009200050651331908,14.306730568868515,13.0,8.303531392779727,/Users/t/dev/sourmash/podar-ref.zip,"CP000667.1 Salinispora tropica CNB-440, complete genome",e41c93cc239f49bd10ebd38dfd343075,0.9923559388475108,4799000,11,352240000,outputs.paper/trim/SRR606249.trim.fq.gz,SRR606249,1b1b1d8e,424915000,31,DNA,1000,424915,True,0.866839910990755,0.999752500738421,0.933296205864588,0.999752500738421,False,68658,1657792,7462785,Bacteria;Actinobacteria;Actinobacteria;Micromonosporales;Micromonosporaceae;Salinispora;Salinispora tropica;Salinispora tropica CNB-440
4754000,0.011188119976936564,0.9864808652246256,0.011162232446489298,0.011520230048165665,18.12629137676576,16.0,11.954948740218848,/Users/t/dev/sourmash/podar-ref.zip,"CP001013.1 Leptothrix cholodnii SP-6, complete genome",0f774696d30402cc9416e4339e29d022,0.9887687188019967,4743000,12,347497000,outputs.paper/trim/SRR606249.trim.fq.gz,SRR606249,1b1b1d8e,424915000,31,DNA,1000,424915,True,0.8650808158021737,0.99963571706731,0.9323582664347418,0.99963571706731,False,85973,1743765,7462785,Bacteria;Proteobacteria;Betaproteobacteria;Burkholderiales;;Leptothrix;Leptothrix cholodnii;Leptothrix cholodnii SP-6
4629000,0.01089394349458127,1.0,0.01089394349458127,0.037840162888251504,61.005184705119895,60.0,20.110635212312516,/Users/t/dev/sourmash/podar-ref.zip,"AP009153.1 Gemmatimonas aurantiaca T-27 DNA, complete genome",f3b3f1fde1daf747380e5c34717b290f,1.0,4629000,13,342868000,outputs.paper/trim/SRR606249.trim.fq.gz,SRR606249,1b1b1d8e,424915000,31,DNA,1000,424915,True,0.8643375702105417,1.0,0.9321687851052709,1.0,False,282393,2026158,7462785,Bacteria;Gemmatimonadetes;Gemmatimonadetes;Gemmatimonadales;Gemmatimonadaceae;Gemmatimonas;Gemmatimonas aurantiaca;Gemmatimonas aurantiaca T-27
4530000,0.010660955720555875,0.9899453551912568,0.010658602308697033,0.005693852898080274,9.382203576948553,8.0,9.626422358316164,/Users/t/dev/sourmash/podar-ref.zip,"NC_003911.12 Ruegeria pomeroyi DSS-3, complete genome",357c0e8c59953384de1f6c7605a60317,0.9901639344262295,4529000,14,338339000,outputs.paper/trim/SRR606249.trim.fq.gz,SRR606249,1b1b1d8e,424915000,31,DNA,1000,424915,True,0.8637350046355498,0.9996811876304178,0.9317080961329838,0.9996811876304178,False,42492,2068650,7462785,Bacteria;Proteobacteria;Alphaproteobacteria;Rhodobacterales;Rhodobacteraceae;Ruegeria;Ruegeria pomeroyi;Ruegeria pomeroyi DSS-3
4168000,0.009809020627654944,0.9997600767754319,0.0098066672157961,0.030912722261193376,55.36237101031917,55.0,17.934919677499348,/Users/t/dev/sourmash/podar-ref.zip,"CP001472.1 Acidobacterium capsulatum ATCC 51196, complete genome",324074c7287ed934af4fd0a6a459aa30,1.0,4167000,15,334172000,outputs.paper/trim/SRR606249.trim.fq.gz,SRR606249,1b1b1d8e,424915000,31,DNA,1000,424915,True,0.8614175797627192,1.0,0.9307087898813595,1.0,False,230695,2299345,7462785,Bacteria;Acidobacteria;Acidobacteriia;Acidobacteriales;Acidobacteriaceae;Acidobacterium;Acidobacterium capsulatum;Acidobacterium capsulatum ATCC 51196
3932000,0.009253615428968147,0.9954430379746836,0.009253615428968147,0.00993717492866269,18.86037639877925,17.0,15.452700339192218,/Users/t/dev/sourmash/podar-ref.zip,"NC_013968.1 Haloferax volcanii DS2 plasmid pHV1, complete sequence",f299f676fc8922337c2c5d4c7d12e93a,0.9954430379746836,3932000,16,330240000,outputs.paper/trim/SRR606249.trim.fq.gz,SRR606249,1b1b1d8e,424915000,31,DNA,1000,424915,True,0.8597994113390136,0.9998526761232892,0.9298260437311514,0.9998526761232892,False,74159,2373504,7462785,Archaea;Euryarchaeota;Halobacteria;Haloferacales;Haloferacaceae;Haloferax;Haloferax volcanii;Haloferax volcanii DS2
3859000,0.009081816363272655,0.9987043275459964,0.009070049303978443,0.043402697518419735,84.04385054488843,72.0,46.60021534139659,/Users/t/dev/sourmash/podar-ref.zip,"NZ_CH959317.1 Sulfitobacter sp. NAS-14.1 scf_1099451320472, whole genome shotgun sequence",5f3cd303f3759ada3b1da0fe9f63c1f8,1.0,3854000,17,326386000,outputs.paper/trim/SRR606249.trim.fq.gz,SRR606249,1b1b1d8e,424915000,31,DNA,1000,424915,True,0.8592798024791708,1.0,0.9296399012395854,1.0,False,323905,2697409,7462785,Bacteria;Proteobacteria;Alphaproteobacteria;Rhodobacterales;Rhodobacteraceae;Sulfitobacter;Sulfitobacter sp. NAS-14.1
3775000,0.008884129767129897,0.9992059290629963,0.008884129767129897,0.026808758392476803,52.99814569536424,52.0,20.605451519516475,/Users/t/dev/sourmash/podar-ref.zip,"AE017180.2 Geobacter sulfurreducens PCA, complete genome",d912c0d77ba5f8a7f45a01de0ce478e4,0.9992059290629963,3775000,18,322611000,outputs.paper/trim/SRR606249.trim.fq.gz,SRR606249,1b1b1d8e,424915000,31,DNA,1000,424915,True,0.8586699940614381,0.999974374961284,0.9293221845113611,0.999974374961284,False,200068,2897477,7462785,Bacteria;Proteobacteria;Deltaproteobacteria;Desulfuromonadales;Geobacteraceae;Geobacter;Geobacter sulfurreducens;Geobacter sulfurreducens PCA
3656000,0.008604073755927656,1.0,0.008604073755927656,0.012336279284476238,25.181345733041574,24.0,16.191134482356823,/Users/t/dev/sourmash/podar-ref.zip,"CP000568.1 Clostridium thermocellum ATCC 27405, complete genome",f16ed0263d531574f7b8c00b25abb975,1.0,3656000,19,318955000,outputs.paper/trim/SRR606249.trim.fq.gz,SRR606249,1b1b1d8e,424915000,31,DNA,1000,424915,True,0.8577832320707395,1.0,0.9288916160353697,1.0,False,92063,2989540,7462785,Bacteria;Firmicutes;Clostridia;Clostridiales;Ruminococcaceae;Ruminiclostridium;Ruminiclostridium thermocellum;Ruminiclostridium thermocellum ATCC 27405
3202000,0.007535624772013226,0.984014755610206,0.007533271360154384,0.0064130214122475725,14.951265229615744,12.0,17.30638327389815,/Users/t/dev/sourmash/podar-ref.zip,"NZ_CP015081.1 Deinococcus radiodurans R1 chromosome 1, complete sequence",782ec0d7017df4830e1fd7cbe7fbca37,0.9843221641561636,3201000,20,315754000,outputs.paper/trim/SRR606249.trim.fq.gz,SRR606249,1b1b1d8e,424915000,31,DNA,1000,424915,True,0.8541221336706873,0.9994903868995767,0.926806260285132,0.9994903868995767,False,47859,3037399,7462785,Bacteria;Deinococcus-Thermus;Deinococci;Deinococcales;Deinococcaceae;Deinococcus;Deinococcus radiodurans;Deinococcus radiodurans R1
2963000,0.006973159337749903,0.9993254637436763,0.006973159337749903,0.01118268850033868,28.165372932838338,27.0,18.442080958282773,/Users/t/dev/sourmash/podar-ref.zip,"CP001110.1 Pelodictyon phaeoclathratiforme BU-1, complete genome",9b9d2415557f08b37f99abd7b8acc396,0.9993254637436763,2963000,21,312791000,outputs.paper/trim/SRR606249.trim.fq.gz,SRR606249,1b1b1d8e,424915000,31,DNA,1000,424915,True,0.851987479440995,0.9999782336608173,0.9259828565509061,0.9999782336608173,False,83454,3120853,7462785,Bacteria;Chlorobi;Chlorobia;Chlorobiales;Chlorobiaceae;Pelodictyon;Pelodictyon phaeoclathratiforme;Pelodictyon phaeoclathratiforme BU-1
2912000,0.0068531353329489425,0.9872939560439561,0.006766059094171776,0.012078064690326734,31.351652173913042,29.0,28.715827961791227,/Users/t/dev/sourmash/podar-ref.zip,"CP000492.1 Chlorobium phaeobacteroides DSM 266, complete genome",9902df09c49eae79932ef40dccd508d7,1.0,2875000,22,309916000,outputs.paper/trim/SRR606249.trim.fq.gz,SRR606249,1b1b1d8e,424915000,31,DNA,1000,424915,True,0.8515104412853979,1.0,0.9257552206426989,1.0,False,90136,3210989,7462785,Bacteria;Chlorobi;Chlorobia;Chlorobiales;Chlorobiaceae;Chlorobium;Chlorobium phaeobacteroides;Chlorobium phaeobacteroides DSM 266
2865000,0.006742524975583352,0.9982578397212544,0.006742524975583352,0.012248778438612395,31.905759162303664,30.0,20.172628068797387,/Users/t/dev/sourmash/podar-ref.zip,"NZ_DS996397.1 Desulfovibrio piger ATCC 29098 Scfld442, whole genome shotgun sequence",112f1147a84d405033898f45cd1ef747,0.9982578397212544,2865000,23,307051000,outputs.paper/trim/SRR606249.trim.fq.gz,SRR606249,1b1b1d8e,424915000,31,DNA,1000,424915,True,0.851063604028163,0.9999437538526859,0.9255036789404244,0.9999437538526859,False,91410,3302399,7462785,Bacteria;Proteobacteria;Deltaproteobacteria;Desulfovibrionales;Desulfovibrionaceae;Desulfovibrio;Desulfovibrio piger;Desulfovibrio piger ATCC 29098
2848000,0.006702516973983032,1.0,0.006702516973983032,0.01681195425032344,44.05337078651685,43.0,13.937736339010572,/Users/t/dev/sourmash/podar-ref.zip,"AE017226.1 Treponema denticola ATCC 35405, complete genome",16fb896404e24616e97adafab029a609,1.0,2848000,24,304203000,outputs.paper/trim/SRR606249.trim.fq.gz,SRR606249,1b1b1d8e,424915000,31,DNA,1000,424915,True,0.850900233161821,1.0,0.9254501165809105,1.0,False,125464,3427863,7462785,Bacteria;Spirochaetes;Spirochaetia;Spirochaetales;Spirochaetaceae;Treponema;Treponema denticola;Treponema denticola ATCC 35405
2832000,0.006664862384241554,0.790268456375839,0.0066507419130885,0.006899836991150087,18.220806794055203,18.0,9.887516999403102,/Users/t/dev/sourmash/podar-ref.zip,"NC_008751.1 Desulfovibrio vulgaris DP4, complete genome",4f6060905463539fc92cb5ee67552db5,0.7919463087248322,2826000,25,301377000,outputs.paper/trim/SRR606249.trim.fq.gz,SRR606249,1b1b1d8e,424915000,31,DNA,1000,424915,True,0.8507456079607963,0.9925036683368762,0.9216246381488362,0.9925036683368762,False,51492,3479355,7462785,Bacteria;Proteobacteria;Deltaproteobacteria;Desulfovibrionales;Desulfovibrionaceae;Desulfovibrio;Desulfovibrio vulgaris;Desulfovibrio vulgaris DP4
2778000,0.006537778143864067,0.9974856321839081,0.006535424732005224,0.01039142893705232,27.925459128555996,23.0,44.14857542768172,/Users/t/dev/sourmash/podar-ref.zip,"NZ_FWDH01000003.1 Caldicellulosiruptor bescii strain MACB1021, whole genome shotgun sequence",ee3dae19cbfe2e33299ef8e45c983f17,0.9978448275862069,2777000,26,298600000,outputs.paper/trim/SRR606249.trim.fq.gz,SRR606249,1b1b1d8e,424915000,31,DNA,1000,424915,True,0.8502174333978506,0.9999304057076009,0.9250739195527258,0.9999304057076009,False,77549,3556904,7462785,Bacteria;Firmicutes;Clostridia;Thermoanaerobacterales;Thermoanaerobacterales Family III. Incertae Sedis;Caldicellulosiruptor;Caldicellulosiruptor bescii
2728000,0.006420107550921949,0.9945295404814004,0.006417754139063107,0.031784514762250284,86.98239823982398,83.0,47.664820889107794,/Users/t/dev/sourmash/podar-ref.zip,"AL954747.1 Nitrosomonas europaea ATCC 19718, complete genome",d8ad9d2820efee039b6c50a767a603c8,0.9948942377826404,2727000,27,295873000,outputs.paper/trim/SRR606249.trim.fq.gz,SRR606249,1b1b1d8e,424915000,31,DNA,1000,424915,True,0.8497194477508024,0.9998348897238504,0.9247771687373264,0.9998348897238504,False,237201,3794105,7462785,Bacteria;Proteobacteria;Betaproteobacteria;Nitrosomonadales;Nitrosomonadaceae;Nitrosomonas;Nitrosomonas europaea;Nitrosomonas europaea ATCC 19718
2701000,0.006356565430733206,1.0,0.006356565430733206,0.008856747179504703,24.470936690114772,24.0,8.534291057503987,/Users/t/dev/sourmash/podar-ref.zip,"CP001071.1 Akkermansia muciniphila ATCC BAA-835, complete genome",f3a90d4e5528864a5bcc8434b0d0c3b1,1.0,2701000,28,293172000,outputs.paper/trim/SRR606249.trim.fq.gz,SRR606249,1b1b1d8e,424915000,31,DNA,1000,424915,True,0.8494468503622261,1.0,0.9247234251811131,1.0,False,66096,3860201,7462785,Bacteria;Verrucomicrobia;Verrucomicrobiae;Verrucomicrobiales;Akkermansiaceae;Akkermansia;Akkermansia muciniphila;Akkermansia muciniphila ATCC BAA-835
2679000,0.006304790369838674,1.0,0.006304790369838674,0.025634799876989623,71.40985442329227,69.0,26.40858205890249,/Users/t/dev/sourmash/podar-ref.zip,"BA000023.2 Sulfolobus tokodaii str. 7 DNA, complete genome",15d80d7279c7fe46d00c230ba79b81f3,1.0,2679000,29,290493000,outputs.paper/trim/SRR606249.trim.fq.gz,SRR606249,1b1b1d8e,424915000,31,DNA,1000,424915,True,0.8492227770927079,1.0,0.9246113885463539,1.0,False,191307,4051508,7462785,Archaea;Crenarchaeota;Thermoprotei;Sulfolobales;Sulfolobaceae;Sulfolobus;Sulfolobus tokodaii;Sulfolobus tokodaii str. 7
2713000,0.006384806373039314,0.9848875783265757,0.006288316486826777,0.012300099761684143,34.35366766467066,33.0,20.62943641323913,/Users/t/dev/sourmash/podar-ref.zip,"CP001097.1 Chlorobium limicola DSM 245, complete genome",289407dcc3b5ed86aac3e60ea778049e,1.0,2672000,30,287821000,outputs.paper/trim/SRR606249.trim.fq.gz,SRR606249,1b1b1d8e,424915000,31,DNA,1000,424915,True,0.8495683288201249,1.0,0.9247841644100625,1.0,False,91793,4143301,7462785,Bacteria;Chlorobi;Chlorobia;Chlorobiales;Chlorobiaceae;Chlorobium;Chlorobium limicola;Chlorobium limicola DSM 245
5167000,0.012160079074638458,0.509754684180027,0.00621065389548498,0.0028632742334128614,8.097006441834028,7.0,5.484248910516475,/Users/t/dev/sourmash/podar-ref.zip,"NC_009665.1 Shewanella baltica OS185, complete genome",09a08691ce52952152f0e866a59f6261,0.9980683793702917,2639000,31,285182000,outputs.paper/trim/SRR606249.trim.fq.gz,SRR606249,1b1b1d8e,424915000,31,DNA,1000,424915,True,0.8674086621623982,0.9999376313445307,0.9336731467534645,0.9999376313445307,False,21368,4164669,7462785,Bacteria;Proteobacteria;Gammaproteobacteria;Alteromonadales;Shewanellaceae;Shewanella;Shewanella baltica;Shewanella baltica OS185
2740000,0.006448348493228058,0.9489237504560379,0.00612122424484897,0.01146060083467499,32.88273740868897,31.0,26.51429387453829,/Users/t/dev/sourmash/podar-ref.zip,"CP000679.1 Caldicellulosiruptor saccharolyticus DSM 8903, complete genome",8951157d23d89e5767ac5c7752d251d7,0.9996351696461145,2601000,32,282581000,outputs.paper/trim/SRR606249.trim.fq.gz,SRR606249,1b1b1d8e,424915000,31,DNA,1000,424915,True,0.8498397650412033,0.9999882292008677,0.9249139971210355,0.9999882292008677,False,85528,4250197,7462785,Bacteria;Firmicutes;Clostridia;Thermoanaerobacterales;Thermoanaerobacterales Family III. Incertae Sedis;Caldicellulosiruptor;Caldicellulosiruptor saccharolyticus;Caldicellulosiruptor saccharolyticus DSM 8903
2247000,0.005288116446818775,0.9991107158737217,0.005288116446818775,0.018777038330864415,62.36270582999555,61.0,16.977502781303407,/Users/t/dev/sourmash/podar-ref.zip,"AE009441.1 Pyrobaculum aerophilum str. IM2, complete genome",4a154932a9c5ad4a44c2692edf8a6b34,0.9991107158737217,2247000,33,280334000,outputs.paper/trim/SRR606249.trim.fq.gz,SRR606249,1b1b1d8e,424915000,31,DNA,1000,424915,True,0.8444191952695651,0.9999713010642743,0.9221952481669198,0.9999713010642743,False,140129,4390326,7462785,Archaea;Crenarchaeota;Thermoprotei;Thermoproteales;Thermoproteaceae;Pyrobaculum;Pyrobaculum aerophilum;Pyrobaculum aerophilum str. IM2
2210000,0.005201040208041608,0.9995477159656264,0.005201040208041608,0.006402167555409944,21.61900452488688,20.0,14.202625495123451,/Users/t/dev/sourmash/podar-ref.zip,"CP000924.1 Thermoanaerobacter pseudethanolicus ATCC 33223, complete genome",123f408fa4f07b259bd53f8497dd56d2,0.9995477159656264,2210000,34,278124000,outputs.paper/trim/SRR606249.trim.fq.gz,SRR606249,1b1b1d8e,424915000,31,DNA,1000,424915,True,0.8439670487754174,0.9999854069985548,0.9219762278869861,0.9999854069985548,False,47778,4438104,7462785,Bacteria;Firmicutes;Clostridia;Thermoanaerobacterales;Thermoanaerobacteraceae;Thermoanaerobacter;Thermoanaerobacter pseudethanolicus;Thermoanaerobacter pseudethanolicus ATCC 33223
2169000,0.0051045503218290714,0.9981558321807285,0.0050951366743937025,0.010491391618544552,36.16397228637413,36.0,10.491892610434284,/Users/t/dev/sourmash/podar-ref.zip,"AE006470.1 Chlorobium tepidum TLS, complete genome",d49c2de1c1a924d92e841802e1c57c93,1.0,2165000,35,275959000,outputs.paper/trim/SRR606249.trim.fq.gz,SRR606249,1b1b1d8e,424915000,31,DNA,1000,424915,True,0.8434573844581156,1.0,0.9217286922290577,1.0,False,78295,4516399,7462785,Bacteria;Chlorobi;Chlorobia;Chlorobiales;Chlorobiaceae;Chlorobaculum;Chlorobaculum tepidum;Chlorobaculum tepidum TLS
2171000,0.005109257145546757,0.9926369075011505,0.005076309379522964,0.010965343367120987,37.937876680574874,38.0,11.243247094467803,/Users/t/dev/sourmash/podar-ref.zip,"CP000660.1 Pyrobaculum arsenaticum DSM 13514, complete genome",299321db294df4cb4ec008e414d200ae,0.9990796134376438,2157000,36,273802000,outputs.paper/trim/SRR606249.trim.fq.gz,SRR606249,1b1b1d8e,424915000,31,DNA,1000,424915,True,0.8434824616093771,0.9999702968805613,0.9217263792449693,0.9999702968805613,False,81832,4598231,7462785,Archaea;Crenarchaeota;Thermoprotei;Thermoproteales;Thermoproteaceae;Pyrobaculum;Pyrobaculum arsenaticum;Pyrobaculum arsenaticum DSM 13514
2139000,0.005033947966063801,0.998133457769482,0.005033947966063801,0.024266275927820512,84.66292660121552,84.0,19.43813348113025,/Users/t/dev/sourmash/podar-ref.zip,"AE000782.1 Archaeoglobus fulgidus DSM 4304, complete genome",cee0a3fb7b00990a22be02b2b0a78418,0.998133457769482,2139000,37,271663000,outputs.paper/trim/SRR606249.trim.fq.gz,SRR606249,1b1b1d8e,424915000,31,DNA,1000,424915,True,0.8430785177277053,0.9999397345130964,0.9215091261204008,0.9999397345130964,False,181094,4779325,7462785,Archaea;Euryarchaeota;Archaeoglobi;Archaeoglobales;Archaeoglobaceae;Archaeoglobus;Archaeoglobus fulgidus;Archaeoglobus fulgidus DSM 4304
2128000,0.005008060435616535,0.9788213627992634,0.0050033536118988505,0.0024959850779568216,8.761523988711195,8.0,4.322494307429385,/Users/t/dev/sourmash/podar-ref.zip,"NZ_KQ961402.1 Zymomonas mobilis strain ATCC 31823 Scaffold1, whole genome shotgun sequence",49bb148c4be3bea086ac80b86471cbba,0.9797421731123389,2126000,38,269537000,outputs.paper/trim/SRR606249.trim.fq.gz,SRR606249,1b1b1d8e,424915000,31,DNA,1000,424915,True,0.8429383102377478,0.9993400297925815,0.9211391700151647,0.9993400297925815,False,18627,4797952,7462785,Bacteria;Proteobacteria;Alphaproteobacteria;Sphingomonadales;Sphingomonadaceae;Zymomonas;Zymomonas mobilis
2112000,0.004970405845875057,0.9976336961665878,0.004960992198439688,0.007851626437047295,27.796489563567363,23.0,46.01604215580069,/Users/t/dev/sourmash/podar-ref.zip,"AP009380.1 Porphyromonas gingivalis ATCC 33277 DNA, complete genome",1471d6db344d5046899f85b521902fe7,0.9995267392333176,2108000,39,267429000,outputs.paper/trim/SRR606249.trim.fq.gz,SRR606249,1b1b1d8e,424915000,31,DNA,1000,424915,True,0.8427331149342538,0.9999847300265903,0.9213589224804221,0.9999847300265903,False,58595,4856547,7462785,Bacteria;Bacteroidetes;Bacteroidia;Bacteroidales;Porphyromonadaceae;Porphyromonas;Porphyromonas gingivalis;Porphyromonas gingivalis ATCC 33277
2076000,0.004885683018956733,0.9956647398843931,0.004864502312227151,0.015984515164244983,57.711175616835995,56.0,15.910650555061192,/Users/t/dev/sourmash/podar-ref.zip,"CP000607.1 Chlorobium phaeovibrioides DSM 265, complete genome",33d6fc5ba0f518b036e13135976c5f43,1.0,2067000,40,265362000,outputs.paper/trim/SRR606249.trim.fq.gz,SRR606249,1b1b1d8e,424915000,31,DNA,1000,424915,True,0.8422658701484611,1.0,0.9211329350742306,1.0,False,119289,4975836,7462785,Bacteria;Chlorobi;Chlorobia;Chlorobiales;Chlorobiaceae;Chlorobium;Chlorobium phaeovibrioides;Chlorobium phaeovibrioides DSM 265
2024000,0.00476330560229693,0.9995061728395062,0.00476330560229693,0.008445104609070206,31.138339920948617,30.0,14.513542551776956,/Users/t/dev/sourmash/podar-ref.zip,"BX571656.1 Wolinella succinogenes DSM 1740, complete genome",eb0778b2d50402361622c2a5ce02a720,0.9995061728395062,2024000,41,263338000,outputs.paper/trim/SRR606249.trim.fq.gz,SRR606249,1b1b1d8e,424915000,31,DNA,1000,424915,True,0.8415769282448968,0.9999840662839339,0.9207804972644154,0.9999840662839339,False,63024,5038860,7462785,Bacteria;Proteobacteria;Epsilonproteobacteria;Campylobacterales;Helicobacteraceae;Wolinella;Wolinella succinogenes;Wolinella succinogenes DSM 1740
1998000,0.004702116893967029,0.6159777914867366,0.004699763482108187,0.007699404444855372,28.772658988482725,28.0,10.088759497216424,/Users/t/dev/sourmash/podar-ref.zip,"NZ_KE136524.1 Enterococcus faecalis V583 acyDH-supercont2.1, whole genome shotgun sequence",b6f8514330c2d92fe0ae9337e1111bb4,0.6162862430598396,1997000,42,261341000,outputs.paper/trim/SRR606249.trim.fq.gz,SRR606249,1b1b1d8e,424915000,31,DNA,1000,424915,True,0.8412260076214116,0.9845069571019531,0.9128664823616823,0.9845069571019531,False,57459,5096319,7462785,Bacteria;Firmicutes;Bacilli;Lactobacillales;Enterococcaceae;Enterococcus;Enterococcus faecalis;Enterococcus faecalis V583
1985000,0.004671522539802078,0.9974811083123426,0.004659755480507866,0.014283541600086295,53.83585858585859,53.0,14.736638427457539,/Users/t/dev/sourmash/podar-ref.zip,"CP000561.1 Pyrobaculum calidifontis JCM 11548, complete genome",ad83523f64ee0e17faf8b825d5201533,1.0,1980000,43,259361000,outputs.paper/trim/SRR606249.trim.fq.gz,SRR606249,1b1b1d8e,424915000,31,DNA,1000,424915,True,0.8410488867026382,1.0,0.9205244433513191,1.0,False,106595,5202914,7462785,Archaea;Crenarchaeota;Thermoprotei;Thermoproteales;Thermoproteaceae;Pyrobaculum;Pyrobaculum calidifontis;Pyrobaculum calidifontis JCM 11548
3519000,0.008281656331266254,0.5545454545454546,0.00459385994846028,0.015009544024114321,57.38370901639344,57.0,18.29390073975434,/Users/t/dev/sourmash/podar-ref.zip,"NZ_CH959311.1 Sulfitobacter sp. EE-36 scf_1099451318005, whole genome shotgun sequence",272eda69da90813c8c2e841e0555e5b0,0.9997159090909091,1952000,44,257409000,outputs.paper/trim/SRR606249.trim.fq.gz,SRR606249,1b1b1d8e,424915000,31,DNA,1000,424915,True,0.8567270718656811,0.9999908345171465,0.9283589531914138,0.9999908345171465,False,112013,5314927,7462785,Bacteria;Proteobacteria;Alphaproteobacteria;Rhodobacterales;Rhodobacteraceae;Sulfitobacter;Sulfitobacter sp. EE-36
1938000,0.004560912182436487,1.0,0.004560912182436487,0.013162914381159312,50.68730650154799,50.0,12.946354897382005,/Users/t/dev/sourmash/podar-ref.zip,"CP001230.1 Persephonella marina EX-H1, complete genome",c3c880c49da784ff01dcea8381edfec6,1.0,1938000,45,255471000,outputs.paper/trim/SRR606249.trim.fq.gz,SRR606249,1b1b1d8e,424915000,31,DNA,1000,424915,True,0.8403990233716425,1.0,0.9201995116858213,1.0,False,98232,5413159,7462785,Bacteria;Aquificae;Aquificae;Aquificales;Hydrogenothermaceae;Persephonella;Persephonella marina;Persephonella marina EX-H1
1852000,0.0043585187625760444,0.9983818770226537,0.004356165350717202,0.025052309560036904,101.00486223662885,85.0,59.436726437585314,/Users/t/dev/sourmash/podar-ref.zip,"CP000916.1 Thermotoga neapolitana DSM 4359, complete genome",1d815f5d470aaafbbca434a2c84f7dc1,0.9989212513484358,1851000,46,253620000,outputs.paper/trim/SRR606249.trim.fq.gz,SRR606249,1b1b1d8e,424915000,31,DNA,1000,424915,True,0.8391694067421146,0.999965183479668,0.9195672951108913,0.999965183479668,False,186960,5600119,7462785,Bacteria;Thermotogae;Thermotogae;Thermotogales;Thermotogaceae;Thermotoga;Thermotoga neapolitana;Thermotoga neapolitana DSM 4359
1839000,0.004327924408411094,1.0,0.004327924408411094,0.008514247697072876,34.55138662316477,34.0,11.927570384256947,/Users/t/dev/sourmash/podar-ref.zip,"CP001251.1 Dictyoglomus turgidum DSM 6724, complete genome",85e27bbbee2de4bc1b92fdf87495eb2e,1.0,1839000,47,251781000,outputs.paper/trim/SRR606249.trim.fq.gz,SRR606249,1b1b1d8e,424915000,31,DNA,1000,424915,True,0.8389787423006781,1.0,0.9194893711503391,1.0,False,63540,5663659,7462785,Bacteria;Dictyoglomi;Dictyoglomia;Dictyoglomales;Dictyoglomaceae;Dictyoglomus;Dictyoglomus turgidum;Dictyoglomus turgidum DSM 6724
1837000,0.004323217584693409,0.9956639566395664,0.004323217584693409,0.01480600070885065,60.14915623298857,59.0,21.273360545819852,/Users/t/dev/sourmash/podar-ref.zip,"AE009950.1 Pyrococcus furiosus DSM 3638, complete genome",714aa2c36122b1f1c0e8400e4d236e3b,0.9956639566395664,1837000,48,249944000,outputs.paper/trim/SRR606249.trim.fq.gz,SRR606249,1b1b1d8e,424915000,31,DNA,1000,424915,True,0.8389492935976474,0.9998598333320234,0.9194045634648353,0.9998598333320234,False,110494,5774153,7462785,Archaea;Euryarchaeota;Thermococci;Thermococcales;Thermococcaceae;Pyrococcus;Pyrococcus furiosus;Pyrococcus furiosus DSM 3638
1778000,0.00418436628502171,0.999437570303712,0.004182012873162868,0.010212541296580299,42.889138998311765,40.0,23.69978665866223,/Users/t/dev/sourmash/podar-ref.zip,"NC_010730.1 Sulfurihydrogenibium sp. YO3AOP1, complete genome",a30b11dbb40d8a88d56861b05c0a92a8,1.0,1777000,49,248167000,outputs.paper/trim/SRR606249.trim.fq.gz,SRR606249,1b1b1d8e,424915000,31,DNA,1000,424915,True,0.8380662998213108,1.0,0.9190331499106554,1.0,False,76214,5850367,7462785,Bacteria;Aquificae;Aquificae;Aquificales;Hydrogenothermaceae;Sulfurihydrogenibium;Sulfurihydrogenibium sp. YO3AOP1
1770000,0.0041655389901509715,1.0,0.0041655389901509715,0.009101293953932747,38.37344632768362,36.0,17.48371561915942,/Users/t/dev/sourmash/podar-ref.zip,"CP000609.1 Methanococcus maripaludis C5, complete genome",b0fb8a0eaa59aac1c267e3fd2e1e1aa1,1.0,1770000,50,246397000,outputs.paper/trim/SRR606249.trim.fq.gz,SRR606249,1b1b1d8e,424915000,31,DNA,1000,424915,True,0.8379443946293386,1.0,0.9189721973146693,1.0,False,67921,5918288,7462785,Archaea;Euryarchaeota;Methanococci;Methanococcales;Methanococcaceae;Methanococcus;Methanococcus maripaludis;Methanococcus maripaludis C5
1747000,0.004111410517397597,0.9959954233409611,0.004097290046244543,0.02202636147229218,94.41585295807008,93.0,18.170279563745677,/Users/t/dev/sourmash/podar-ref.zip,"BA000001.2 Pyrococcus horikoshii OT3 DNA, complete genome",8acbe1802aebe9f0c23cc5428ac003ee,0.9994279176201373,1741000,51,244656000,outputs.paper/trim/SRR606249.trim.fq.gz,SRR606249,1b1b1d8e,424915000,31,DNA,1000,424915,True,0.8375909238272006,0.9999815406193627,0.9187862322232816,0.9999815406193627,False,164378,6082666,7462785,Archaea;Euryarchaeota;Thermococci;Thermococcales;Thermococcaceae;Pyrococcus;Pyrococcus horikoshii;Pyrococcus horikoshii OT3
1680000,0.003953731922855159,0.9994047619047619,0.003951378510996317,0.010058443329132489,44.70756402620607,44.0,15.84809918346444,/Users/t/dev/sourmash/podar-ref.zip,"NC_000909.1 Methanocaldococcus jannaschii DSM 2661, complete genome",ca6869d4abc24811464383043b077800,1.0,1679000,52,242977000,outputs.paper/trim/SRR606249.trim.fq.gz,SRR606249,1b1b1d8e,424915000,31,DNA,1000,424915,True,0.836534976137471,1.0,0.9182674880687355,1.0,False,75064,6157730,7462785,Archaea;Euryarchaeota;Methanococci;Methanococcales;Methanocaldococcaceae;Methanocaldococcus;Methanocaldococcus jannaschii;Methanocaldococcus jannaschii DSM 2661
1837000,0.004323217584693409,0.9101796407185628,0.00393490462798442,0.042948443510030104,191.69557416267943,188.0,48.998621009113506,/Users/t/dev/sourmash/podar-ref.zip,"CP000969.1 Thermotoga sp. RQ2, complete genome",411679f88e1e2e6c7c70fbdc45cb3116,1.0,1672000,53,241305000,outputs.paper/trim/SRR606249.trim.fq.gz,SRR606249,1b1b1d8e,424915000,31,DNA,1000,424915,True,0.8389492935976474,1.0,0.9194746467988237,1.0,False,320515,6478245,7462785,Bacteria;Thermotogae;Thermotogae;Thermotogales;Thermotogaceae;Thermotoga;Thermotoga sp. RQ2
1632000,0.0038407681536307262,0.9975535168195718,0.003838414741771884,0.009205276582401879,42.11955855303495,42.0,13.06184145033431,/Users/t/dev/sourmash/podar-ref.zip,"AE009439.1 Methanopyrus kandleri AV19, complete genome",78e186071f95b5f58b294343ce2d7ff8,0.998165137614679,1631000,54,239674000,outputs.paper/trim/SRR606249.trim.fq.gz,SRR606249,1b1b1d8e,424915000,31,DNA,1000,424915,True,0.8357531130871977,0.9999407582772053,0.9178469356822014,0.9999407582772053,False,68697,6546942,7462785,Archaea;Euryarchaeota;Methanopyri;Methanopyrales;Methanopyraceae;Methanopyrus;Methanopyrus kandleri;Methanopyrus kandleri AV19
1596000,0.0037560453267124014,0.9987476518472135,0.0037536919148535588,0.014031490924634705,65.65141065830721,63.0,17.478588501471553,/Users/t/dev/sourmash/podar-ref.zip,"CP001130.1 Hydrogenobaculum sp. Y04AAS1, complete genome",2e5e6a3c3424fb639400d74abcbda1c6,0.9993738259236068,1595000,55,238079000,outputs.paper/trim/SRR606249.trim.fq.gz,SRR606249,1b1b1d8e,424915000,31,DNA,1000,424915,True,0.8351519711189773,0.9999797947136373,0.9175658829163074,0.9999797947136373,False,104714,6651656,7462785,Bacteria;Aquificae;Aquificae;Aquificales;Aquificaceae;Hydrogenobaculum;Hydrogenobaculum sp. Y04AAS1
1635000,0.0038478283892072534,0.9253822629969419,0.003560712142428486,0.006032466431767765,29.754791804362196,29.0,8.18482902364759,/Users/t/dev/sourmash/podar-ref.zip,"BX950229.1 Methanococcus maripaludis strain S2, complete sequence",d45be194ffb4596d4fa8845dd89d8d8d,1.0,1513000,56,236566000,outputs.paper/trim/SRR606249.trim.fq.gz,SRR606249,1b1b1d8e,424915000,31,DNA,1000,424915,True,0.8358026274747656,1.0,0.9179013137373828,1.0,False,45019,6696675,7462785,Archaea;Euryarchaeota;Methanococci;Methanococcales;Methanococcaceae;Methanococcus;Methanococcus maripaludis;Methanococcus maripaludis S2
1477000,0.003475989315510161,0.9993234100135318,0.003475989315510161,0.010475445828869518,52.92890995260664,49.0,30.031956975415454,/Users/t/dev/sourmash/podar-ref.zip,"CP001941.1 Aciduliprofundum boonei T469, complete genome",c11126d0591db94cd3d1c8568499375f,0.9993234100135318,1477000,57,235089000,outputs.paper/trim/SRR606249.trim.fq.gz,SRR606249,1b1b1d8e,424915000,31,DNA,1000,424915,True,0.8330670349031427,0.9999781673681171,0.9165226011356299,0.9999781673681171,False,78176,6774851,7462785,Archaea;Euryarchaeota;;;;Aciduliprofundum;Aciduliprofundum boonei;Aciduliprofundum boonei T469
1381000,0.0032500617770612945,0.7425955842757135,0.00324535495334361,0.006434595127690266,34.82233502538071,34.0,12.434760049627775,/Users/t/dev/sourmash/podar-ref.zip,"AE017221.1 Thermus thermophilus HB27, complete genome",a2c6721597c59adcd6739c36964e90ca,0.7436725901992461,1379000,58,233710000,outputs.paper/trim/SRR606249.trim.fq.gz,SRR606249,1b1b1d8e,424915000,31,DNA,1000,424915,True,0.8312629789406378,0.9904921204506675,0.9108775496956527,0.9904921204506675,False,48020,6822871,7462785,Bacteria;Deinococcus-Thermus;Deinococci;Thermales;Thermaceae;Thermus;Thermus thermophilus;Thermus thermophilus HB27
1284000,0.003021780826753586,1.0,0.003021780826753586,0.002866222194529254,16.6588785046729,16.0,5.8311247789539795,/Users/t/dev/sourmash/podar-ref.zip,"CP000816.1 Ignicoccus hospitalis KIN4/I, complete genome",ed88074adf58a9cfce3a6e63ad414853,1.0,1284000,59,232426000,outputs.paper/trim/SRR606249.trim.fq.gz,SRR606249,1b1b1d8e,424915000,31,DNA,1000,424915,True,0.8293124018628016,1.0,0.9146562009314008,1.0,False,21390,6844261,7462785,Archaea;Crenarchaeota;Thermoprotei;Desulfurococcales;Desulfurococcaceae;Ignicoccus;Ignicoccus hospitalis;Ignicoccus hospitalis KIN4/I
1530000,0.0036007201440288058,0.7278645833333334,0.002631114458185755,0.0019782159073321822,13.204830053667264,13.0,6.967217763289759,/Users/t/dev/sourmash/podar-ref.zip,"NZ_ABZS01000228.1 Sulfurihydrogenibium yellowstonense SS-5 gcontig_18, whole genome shotgun sequence",ea1af81ce1042a3aaa59f860b8a39573,0.99609375,1118000,60,231308000,outputs.paper/trim/SRR606249.trim.fq.gz,SRR606249,1b1b1d8e,424915000,31,DNA,1000,424915,True,0.8340149788231427,0.9998737531529931,0.9169443659880678,0.9998737531529931,False,14763,6859024,7462785,Bacteria;Aquificae;Aquificae;Aquificales;Hydrogenothermaceae;Sulfurihydrogenibium;Sulfurihydrogenibium yellowstonense;Sulfurihydrogenibium yellowstonense SS-5
1776000,0.004179659461304026,0.41305571187394485,0.0017274043043902898,0.005705242747848156,58.00681198910082,58.0,13.111914311840783,/Users/t/dev/sourmash/podar-ref.zip,"CP000702.1 Thermotoga petrophila RKU-1, complete genome",745322649f94665adf60b2ee985746ca,0.9994372537985369,734000,61,230574000,outputs.paper/trim/SRR606249.trim.fq.gz,SRR606249,1b1b1d8e,424915000,31,DNA,1000,424915,True,0.8380358733622564,0.9999818419518743,0.9190088576570654,0.9999818419518743,False,42577,6901601,7462785,Bacteria;Thermotogae;Thermotogae;Thermotogales;Thermotogaceae;Thermotoga;Thermotoga petrophila;Thermotoga petrophila RKU-1
431000,0.0010143205111610557,1.0,0.0010143205111610557,0.012890361976125534,223.1972157772622,200.0,149.0844933718522,/Users/t/dev/sourmash/podar-ref.zip,"NC_005213.1 Nanoarchaeum equitans Kin4-M chromosome, complete genome",d9e98fc66928684bf96f0aaeb4adcb6e,1.0,431000,62,230143000,outputs.paper/trim/SRR606249.trim.fq.gz,SRR606249,1b1b1d8e,424915000,31,DNA,1000,424915,True,0.8006173671995667,1.0,0.9003086835997833,1.0,False,96198,6997799,7462785,Archaea;Nanoarchaeota;;Nanoarchaeales;Nanoarchaeaceae;Nanoarchaeum;Nanoarchaeum equitans;Nanoarchaeum equitans Kin4-M
271000,0.0006377746137462786,0.12552301255230125,0.0006354212018874363,0.0005086572908103342,14.059259259259258,13.0,7.638366087609326,/Users/t/dev/sourmash/podar-ref.zip,"AE009951.2 Fusobacterium nucleatum subsp. nucleatum ATCC 25586, complete genome",6bc96e59f0031a59f071c6cdd552c4d1,0.12598791259879125,270000,63,229873000,outputs.paper/trim/SRR606249.trim.fq.gz,SRR606249,1b1b1d8e,424915000,31,DNA,1000,424915,True,0.7887234427741735,0.9353590465502888,0.8620412446622312,0.9353590465502888,False,3796,7001595,7462785,Bacteria;Fusobacteria;Fusobacteriia;Fusobacteriales;Fusobacteriaceae;Fusobacterium;Fusobacterium nucleatum
